{"cameraMode":{"drawMode":0,"name":"Shaded","section":"Shading Mode"},"sceneLighting":false,"audioPlay":false,"sceneViewState":{"showFog":false,"showMaterialUpdate":false,"showSkybox":false,"showFlares":false,"showImageEffects":false,"showParticleSystems":false},"in2DMode":false,"pivot":{"x":-0.5000002384185791,"y":0.499999463558197,"z":5.500000953674316},"rotation":{"x":0.4541769325733185,"y":-0.03739871457219124,"z":0.01908666081726551,"w":0.8899216651916504},"size":7.814250469207764,"orthographic":true}