{"cameraMode":{"drawMode":0,"name":"Shaded","section":"Shading Mode"},"sceneLighting":false,"audioPlay":false,"sceneViewState":{"showFog":false,"showMaterialUpdate":false,"showSkybox":true,"showFlares":false,"showImageEffects":false,"showParticleSystems":false},"in2DMode":false,"pivot":{"x":6.839134216308594,"y":5.322933673858643,"z":1.2086507081985474},"rotation":{"x":0.26326847076416018,"y":-0.5579745769500732,"z":0.19257694482803346,"w":0.7630666494369507},"size":15.5556640625,"orthographic":false}