{"cameraMode":{"drawMode":0,"name":"Shaded","section":"Shading Mode"},"sceneLighting":false,"audioPlay":false,"sceneViewState":{"showFog":false,"showMaterialUpdate":false,"showSkybox":false,"showFlares":false,"showImageEffects":false,"showParticleSystems":false},"in2DMode":false,"pivot":{"x":96.67134094238281,"y":37.4011116027832,"z":51.498985290527347},"rotation":{"x":-0.3860458731651306,"y":0.3695240020751953,"z":-0.17238032817840577,"w":-0.8275077939033508},"size":47.5219841003418,"orthographic":false}