{"cameraMode":{"drawMode":0,"name":"Shaded","section":"Shading Mode"},"sceneLighting":false,"audioPlay":false,"sceneViewState":{"showFog":false,"showMaterialUpdate":false,"showSkybox":true,"showFlares":false,"showImageEffects":false,"showParticleSystems":false},"in2DMode":false,"pivot":{"x":11.420272827148438,"y":44.51222229003906,"z":-9.683021545410157},"rotation":{"x":0.3797602355480194,"y":-0.4307386875152588,"z":0.20648005604743958,"w":0.7922235727310181},"size":24.117137908935548,"orthographic":false}