{"cameraMode":{"drawMode":0,"name":"Shaded","section":"Shading Mode"},"sceneLighting":false,"audioPlay":false,"sceneViewState":{"showFog":false,"showMaterialUpdate":false,"showSkybox":false,"showFlares":false,"showImageEffects":false,"showParticleSystems":false},"in2DMode":false,"pivot":{"x":-0.007506728172302246,"y":1.0,"z":-0.1140131950378418},"rotation":{"x":0.15200507640838624,"y":-0.7551193833351135,"z":0.18839602172374726,"w":0.6092605590820313},"size":1.321026086807251,"orthographic":false}