{"cameraMode":{"drawMode":0,"name":"Shaded","section":"Shading Mode"},"sceneLighting":false,"audioPlay":false,"sceneViewState":{"showFog":false,"showMaterialUpdate":false,"showSkybox":false,"showFlares":false,"showImageEffects":false,"showParticleSystems":false},"in2DMode":false,"pivot":{"x":98.06936645507813,"y":37.628177642822269,"z":58.2994384765625},"rotation":{"x":0.6744802594184876,"y":-0.19338981807231904,"z":0.1899397075176239,"w":0.6867321133613586},"size":35.97801971435547,"orthographic":true}