{"cameraMode":{"drawMode":0,"name":"Shaded","section":"Shading Mode"},"sceneLighting":false,"audioPlay":false,"sceneViewState":{"showFog":false,"showMaterialUpdate":false,"showSkybox":false,"showFlares":false,"showImageEffects":false,"showParticleSystems":false},"in2DMode":false,"pivot":{"x":2.5000009536743166,"y":2.5,"z":10.000000953674317},"rotation":{"x":0.4541769325733185,"y":-0.03739871457219124,"z":0.01908666081726551,"w":0.8899216651916504},"size":12.798927307128907,"orthographic":true}