{"cameraMode":{"drawMode":0,"name":"Shaded","section":"Shading Mode"},"sceneLighting":false,"audioPlay":false,"sceneViewState":{"showFog":false,"showMaterialUpdate":false,"showSkybox":false,"showFlares":false,"showImageEffects":false,"showParticleSystems":false},"in2DMode":false,"pivot":{"x":15.338053703308106,"y":1.2738338708877564,"z":10.377165794372559},"rotation":{"x":0.2676048278808594,"y":0.6414046287536621,"z":-0.25536638498306277,"w":0.6721451878547669},"size":1.5756826400756837,"orthographic":true}