{"cameraMode":{"drawMode":0,"name":"Shaded","section":"Shading Mode"},"sceneLighting":false,"audioPlay":false,"sceneViewState":{"showFog":false,"showMaterialUpdate":false,"showSkybox":false,"showFlares":false,"showImageEffects":false,"showParticleSystems":false},"in2DMode":false,"pivot":{"x":12.07497501373291,"y":3.4891889095306398,"z":-47.92490768432617},"rotation":{"x":-0.3860458731651306,"y":0.3695240020751953,"z":-0.17238032817840577,"w":-0.8275077939033508},"size":25.599525451660158,"orthographic":false}