{"cameraMode":{"drawMode":0,"name":"Shaded","section":"Shading Mode"},"sceneLighting":false,"audioPlay":false,"sceneViewState":{"showFog":false,"showMaterialUpdate":false,"showSkybox":false,"showFlares":false,"showImageEffects":false,"showParticleSystems":false},"in2DMode":false,"pivot":{"x":15.338053703308106,"y":1.2738338708877564,"z":10.377165794372559},"rotation":{"x":0.18102093040943147,"y":0.6684131622314453,"z":-0.1727350801229477,"w":0.7004461884498596},"size":1.5756826400756837,"orthographic":true}