{"cameraMode":{"drawMode":0,"name":"Shaded","section":"Shading Mode"},"sceneLighting":false,"audioPlay":false,"sceneViewState":{"showFog":false,"showMaterialUpdate":false,"showSkybox":false,"showFlares":false,"showImageEffects":false,"showParticleSystems":false},"in2DMode":false,"pivot":{"x":55.88999938964844,"y":29.69293212890625,"z":24.81053352355957},"rotation":{"x":0.16090065240859986,"y":-0.5466321110725403,"z":0.10796515643596649,"w":0.8146466016769409},"size":8.811691284179688,"orthographic":false}