{"cameraMode":{"drawMode":0,"name":"Shaded","section":"Shading Mode"},"sceneLighting":false,"audioPlay":false,"sceneViewState":{"showFog":false,"showMaterialUpdate":false,"showSkybox":false,"showFlares":false,"showImageEffects":false,"showParticleSystems":false},"in2DMode":false,"pivot":{"x":55.88999938964844,"y":29.69293212890625,"z":24.81053352355957},"rotation":{"x":-0.3860458731651306,"y":0.3695240020751953,"z":-0.17238032817840577,"w":-0.8275077939033508},"size":8.788799285888672,"orthographic":false}