{"cameraMode":{"drawMode":0,"name":"Shaded","section":"Shading Mode"},"sceneLighting":false,"audioPlay":false,"sceneViewState":{"showFog":false,"showMaterialUpdate":false,"showSkybox":false,"showFlares":false,"showImageEffects":false,"showParticleSystems":false},"in2DMode":false,"pivot":{"x":-22.500003814697267,"y":0.5000009536743164,"z":2.4997730255126955},"rotation":{"x":-0.12657025456428529,"y":0.8700177669525147,"z":-0.29305192828178408,"w":-0.3757636845111847},"size":17.693742752075197,"orthographic":false}