{"cameraMode":{"drawMode":0,"name":"Shaded","section":"Shading Mode"},"sceneLighting":false,"audioPlay":false,"sceneViewState":{"showFog":false,"showMaterialUpdate":false,"showSkybox":false,"showFlares":false,"showImageEffects":false,"showParticleSystems":false},"in2DMode":false,"pivot":{"x":4.76837158203125e-7,"y":2.5000009536743166,"z":-10.0},"rotation":{"x":0.4541769325733185,"y":-0.03739871457219124,"z":0.01908666081726551,"w":0.8899216651916504},"size":11.513579368591309,"orthographic":true}