{"cameraMode":{"drawMode":0,"name":"Shaded","section":"Shading Mode"},"sceneLighting":false,"audioPlay":false,"sceneViewState":{"showFog":false,"showMaterialUpdate":false,"showSkybox":false,"showFlares":false,"showImageEffects":false,"showParticleSystems":false},"in2DMode":false,"pivot":{"x":-10.00001335144043,"y":4.500000953674316,"z":-0.0000057220458984375},"rotation":{"x":0.4541769325733185,"y":-0.03739871457219124,"z":0.01908666081726551,"w":0.8899216651916504},"size":21.738527297973634,"orthographic":true}