{"cameraMode":{"drawMode":0,"name":"Shaded","section":"Shading Mode"},"sceneLighting":false,"audioPlay":false,"sceneViewState":{"showFog":false,"showMaterialUpdate":false,"showSkybox":false,"showFlares":false,"showImageEffects":false,"showParticleSystems":false},"in2DMode":false,"pivot":{"x":21.38901138305664,"y":-7.559417724609375,"z":40.702850341796878},"rotation":{"x":0.01867421716451645,"y":-0.9287940859794617,"z":0.3672071695327759,"w":0.04714139923453331},"size":47.52199172973633,"orthographic":false}