{"cameraMode":{"drawMode":0,"name":"Shaded","section":"Shading Mode"},"sceneLighting":false,"audioPlay":false,"sceneViewState":{"showFog":false,"showMaterialUpdate":false,"showSkybox":false,"showFlares":false,"showImageEffects":false,"showParticleSystems":false},"in2DMode":false,"pivot":{"x":-24.999998092651368,"y":0.4999995231628418,"z":-5.000002861022949},"rotation":{"x":0.23749400675296784,"y":0.7353299856185913,"z":-0.31784912943840029,"w":0.5494232177734375},"size":30.67344093322754,"orthographic":false}