{"cameraMode":{"drawMode":0,"name":"Shaded","section":"Shading Mode"},"sceneLighting":false,"audioPlay":false,"sceneViewState":{"showFog":false,"showMaterialUpdate":false,"showSkybox":false,"showFlares":false,"showImageEffects":false,"showParticleSystems":false},"in2DMode":false,"pivot":{"x":0.045722007751464847,"y":3.4705607891082765,"z":-14.999456405639649},"rotation":{"x":-0.3860458731651306,"y":0.3695240020751953,"z":-0.17238032817840577,"w":-0.8275077939033508},"size":17.03357696533203,"orthographic":false}