{"cameraMode":{"drawMode":0,"name":"Shaded","section":"Shading Mode"},"sceneLighting":false,"audioPlay":false,"sceneViewState":{"showFog":false,"showMaterialUpdate":false,"showSkybox":true,"showFlares":false,"showImageEffects":false,"showParticleSystems":false},"in2DMode":false,"pivot":{"x":-38.00874710083008,"y":14.671158790588379,"z":-41.36758041381836},"rotation":{"x":-0.030393585562705995,"y":0.6226370334625244,"z":0.024188417941331865,"w":0.7815521955490112},"size":7.682170391082764,"orthographic":false}