{"cameraMode":{"drawMode":0,"name":"Shaded","section":"Shading Mode"},"sceneLighting":false,"audioPlay":false,"sceneViewState":{"showFog":false,"showMaterialUpdate":false,"showSkybox":false,"showFlares":false,"showImageEffects":false,"showParticleSystems":false},"in2DMode":false,"pivot":{"x":1.0199999809265137,"y":29.508560180664064,"z":-10.119999885559082},"rotation":{"x":0.21915552020072938,"y":-0.6923379898071289,"z":0.2348255068063736,"w":0.6461426615715027},"size":26.689380645751954,"orthographic":true}