{"cameraMode":{"drawMode":0,"name":"Shaded","section":"Shading Mode"},"sceneLighting":false,"audioPlay":false,"sceneViewState":{"showFog":false,"showMaterialUpdate":false,"showSkybox":false,"showFlares":false,"showImageEffects":false,"showParticleSystems":false},"in2DMode":false,"pivot":{"x":1.416820764541626,"y":0.5229328870773315,"z":8.60029125213623},"rotation":{"x":-0.3860458731651306,"y":0.3695240020751953,"z":-0.17238032817840577,"w":-0.8275077939033508},"size":12.176907539367676,"orthographic":false}